account,subaccount,bopen,bclose,fcf,fcfval
Accounts Payable,Accounts Payable,0,-16697.29999999999,cf1,-35903
Accounts Payable,Accounts Payable,0,-16697.29999999999,cf2,-9518
Accounts Payable,Accounts Payable,0,-16697.29999999999,cf3,23689.5
Accounts Payable,Accounts Payable,0,-16697.29999999999,cf4,-1567.5
Accounts Payable,Accounts Payable,0,-16697.29999999999,cf5,19382.5
Accounts Payable,Accounts Payable,0,-16697.29999999999,cf6,-2935
Accounts Payable,Accounts Payable,0,-16697.29999999999,cf7,2784.2
Accounts Payable,Accounts Payable,0,-16697.29999999999,cf8,-325
Accounts Payable,Accounts Payable,0,-16697.29999999999,cf9,-23881
Accounts Payable,Accounts Payable,0,-16697.29999999999,cf10,23835
Accounts Payable,Accounts Payable,0,-16697.29999999999,cf11,-2079
Accounts Payable,Accounts Payable,0,-16697.29999999999,cf12,-10180
Accounts Receivable,Accounts Receivable,0,32333.080000000016,cf1,22442.8
Accounts Receivable,Accounts Receivable,0,32333.080000000016,cf2,-11987.899999999998
Accounts Receivable,Accounts Receivable,0,32333.080000000016,cf3,5943.950000000001
Accounts Receivable,Accounts Receivable,0,32333.080000000016,cf4,184.45000000000073
Accounts Receivable,Accounts Receivable,0,32333.080000000016,cf5,4578.600000000002
Accounts Receivable,Accounts Receivable,0,32333.080000000016,cf6,4915.5999999999985
Accounts Receivable,Accounts Receivable,0,32333.080000000016,cf7,11946.650000000001
Accounts Receivable,Accounts Receivable,0,32333.080000000016,cf8,5053.549999999999
Accounts Receivable,Accounts Receivable,0,32333.080000000016,cf9,-18805.199999999997
Accounts Receivable,Accounts Receivable,0,32333.080000000016,cf10,10921.699999999997
Accounts Receivable,Accounts Receivable,0,32333.080000000016,cf11,-18967.6
Accounts Receivable,Accounts Receivable,0,32333.080000000016,cf12,16106.480000000003
Accumulated Depreciation,Accumulated Depreciation,0,-923.04,cf1,-76.92
Accumulated Depreciation,Accumulated Depreciation,0,-923.04,cf2,-76.92
Accumulated Depreciation,Accumulated Depreciation,0,-923.04,cf3,-76.92
Accumulated Depreciation,Accumulated Depreciation,0,-923.04,cf4,-76.92
Accumulated Depreciation,Accumulated Depreciation,0,-923.04,cf5,-76.92
Accumulated Depreciation,Accumulated Depreciation,0,-923.04,cf6,-76.92
Accumulated Depreciation,Accumulated Depreciation,0,-923.04,cf7,-76.92
Accumulated Depreciation,Accumulated Depreciation,0,-923.04,cf8,-76.92
Accumulated Depreciation,Accumulated Depreciation,0,-923.04,cf9,-76.92
Accumulated Depreciation,Accumulated Depreciation,0,-923.04,cf10,-76.92
Accumulated Depreciation,Accumulated Depreciation,0,-923.04,cf11,-76.92
Accumulated Depreciation,Accumulated Depreciation,0,-923.04,cf12,-76.92
Advertising Expense,Advertising Expense,0,2000,cf1,500
Advertising Expense,Advertising Expense,0,2000,cf2,0
Advertising Expense,Advertising Expense,0,2000,cf3,0
Advertising Expense,Advertising Expense,0,2000,cf4,500
Advertising Expense,Advertising Expense,0,2000,cf5,0
Advertising Expense,Advertising Expense,0,2000,cf6,0
Advertising Expense,Advertising Expense,0,2000,cf7,500
Advertising Expense,Advertising Expense,0,2000,cf8,0
Advertising Expense,Advertising Expense,0,2000,cf9,0
Advertising Expense,Advertising Expense,0,2000,cf10,500
Advertising Expense,Advertising Expense,0,2000,cf11,0
Advertising Expense,Advertising Expense,0,2000,cf12,0
Auto Loan,Auto Loan,0,0,cf1,0
Auto Loan,Auto Loan,0,0,cf2,0
Auto Loan,Auto Loan,0,0,cf3,0
Auto Loan,Auto Loan,0,0,cf4,0
Auto Loan,Auto Loan,0,0,cf5,0
Auto Loan,Auto Loan,0,0,cf6,0
Auto Loan,Auto Loan,0,0,cf7,0
Auto Loan,Auto Loan,0,0,cf8,0
Auto Loan,Auto Loan,0,0,cf9,0
Auto Loan,Auto Loan,0,0,cf10,0
Auto Loan,Auto Loan,0,0,cf11,0
Auto Loan,Auto Loan,0,0,cf12,0
Automobiles & Trucks,Automobiles & Trucks,45632,45632,cf1,0
Automobiles & Trucks,Automobiles & Trucks,45632,45632,cf2,0
Automobiles & Trucks,Automobiles & Trucks,45632,45632,cf3,0
Automobiles & Trucks,Automobiles & Trucks,45632,45632,cf4,0
Automobiles & Trucks,Automobiles & Trucks,45632,45632,cf5,0
Automobiles & Trucks,Automobiles & Trucks,45632,45632,cf6,0
Automobiles & Trucks,Automobiles & Trucks,45632,45632,cf7,0
Automobiles & Trucks,Automobiles & Trucks,45632,45632,cf8,0
Automobiles & Trucks,Automobiles & Trucks,45632,45632,cf9,0
Automobiles & Trucks,Automobiles & Trucks,45632,45632,cf10,0
Automobiles & Trucks,Automobiles & Trucks,45632,45632,cf11,0
Automobiles & Trucks,Automobiles & Trucks,45632,45632,cf12,0
Bank Service Charges,Bank Service Charges,0,0,cf1,0
Bank Service Charges,Bank Service Charges,0,0,cf2,0
Bank Service Charges,Bank Service Charges,0,0,cf3,0
Bank Service Charges,Bank Service Charges,0,0,cf4,0
Bank Service Charges,Bank Service Charges,0,0,cf5,0
Bank Service Charges,Bank Service Charges,0,0,cf6,0
Bank Service Charges,Bank Service Charges,0,0,cf7,0
Bank Service Charges,Bank Service Charges,0,0,cf8,0
Bank Service Charges,Bank Service Charges,0,0,cf9,0
Bank Service Charges,Bank Service Charges,0,0,cf10,0
Bank Service Charges,Bank Service Charges,0,0,cf11,0
Bank Service Charges,Bank Service Charges,0,0,cf12,0
Business License & Fees,Business License & Fees,0,710.23,cf1,0
Business License & Fees,Business License & Fees,0,710.23,cf2,710.23
Business License & Fees,Business License & Fees,0,710.23,cf3,0
Business License & Fees,Business License & Fees,0,710.23,cf4,0
Business License & Fees,Business License & Fees,0,710.23,cf5,0
Business License & Fees,Business License & Fees,0,710.23,cf6,0
Business License & Fees,Business License & Fees,0,710.23,cf7,0
Business License & Fees,Business License & Fees,0,710.23,cf8,0
Business License & Fees,Business License & Fees,0,710.23,cf9,0
Business License & Fees,Business License & Fees,0,710.23,cf10,0
Business License & Fees,Business License & Fees,0,710.23,cf11,0
Business License & Fees,Business License & Fees,0,710.23,cf12,0
Car/Truck Expense,Car Lease,0,6756,cf1,563
Car/Truck Expense,Car Lease,0,6756,cf2,563
Car/Truck Expense,Car Lease,0,6756,cf3,563
Car/Truck Expense,Car Lease,0,6756,cf4,563
Car/Truck Expense,Car Lease,0,6756,cf5,563
Car/Truck Expense,Car Lease,0,6756,cf6,563
Car/Truck Expense,Car Lease,0,6756,cf7,563
Car/Truck Expense,Car Lease,0,6756,cf8,563
Car/Truck Expense,Car Lease,0,6756,cf9,563
Car/Truck Expense,Car Lease,0,6756,cf10,563
Car/Truck Expense,Car Lease,0,6756,cf11,563
Car/Truck Expense,Car Lease,0,6756,cf12,563
Car/Truck Expense,Car/Truck Expense,0,0,cf1,0
Car/Truck Expense,Car/Truck Expense,0,0,cf2,0
Car/Truck Expense,Car/Truck Expense,0,0,cf3,0
Car/Truck Expense,Car/Truck Expense,0,0,cf4,0
Car/Truck Expense,Car/Truck Expense,0,0,cf5,0
Car/Truck Expense,Car/Truck Expense,0,0,cf6,0
Car/Truck Expense,Car/Truck Expense,0,0,cf7,0
Car/Truck Expense,Car/Truck Expense,0,0,cf8,0
Car/Truck Expense,Car/Truck Expense,0,0,cf9,0
Car/Truck Expense,Car/Truck Expense,0,0,cf10,0
Car/Truck Expense,Car/Truck Expense,0,0,cf11,0
Car/Truck Expense,Car/Truck Expense,0,0,cf12,0
Car/Truck Expense,Car/Truck Expense - Other,0,0,cf1,0
Car/Truck Expense,Car/Truck Expense - Other,0,0,cf2,0
Car/Truck Expense,Car/Truck Expense - Other,0,0,cf3,0
Car/Truck Expense,Car/Truck Expense - Other,0,0,cf4,0
Car/Truck Expense,Car/Truck Expense - Other,0,0,cf5,0
Car/Truck Expense,Car/Truck Expense - Other,0,0,cf6,0
Car/Truck Expense,Car/Truck Expense - Other,0,0,cf7,0
Car/Truck Expense,Car/Truck Expense - Other,0,0,cf8,0
Car/Truck Expense,Car/Truck Expense - Other,0,0,cf9,0
Car/Truck Expense,Car/Truck Expense - Other,0,0,cf10,0
Car/Truck Expense,Car/Truck Expense - Other,0,0,cf11,0
Car/Truck Expense,Car/Truck Expense - Other,0,0,cf12,0
Car/Truck Expense,Gas,0,907.64,cf1,149.79
Car/Truck Expense,Gas,0,907.64,cf2,53
Car/Truck Expense,Gas,0,907.64,cf3,0
Car/Truck Expense,Gas,0,907.64,cf4,148.54
Car/Truck Expense,Gas,0,907.64,cf5,21.89
Car/Truck Expense,Gas,0,907.64,cf6,0
Car/Truck Expense,Gas,0,907.64,cf7,215.7
Car/Truck Expense,Gas,0,907.64,cf8,47.23
Car/Truck Expense,Gas,0,907.64,cf9,0
Car/Truck Expense,Gas,0,907.64,cf10,68.89
Car/Truck Expense,Gas,0,907.64,cf11,202.60000000000002
Car/Truck Expense,Gas,0,907.64,cf12,0
Car/Truck Expense,Insurance-Auto,0,1440,cf1,120
Car/Truck Expense,Insurance-Auto,0,1440,cf2,120
Car/Truck Expense,Insurance-Auto,0,1440,cf3,120
Car/Truck Expense,Insurance-Auto,0,1440,cf4,120
Car/Truck Expense,Insurance-Auto,0,1440,cf5,120
Car/Truck Expense,Insurance-Auto,0,1440,cf6,120
Car/Truck Expense,Insurance-Auto,0,1440,cf7,120
Car/Truck Expense,Insurance-Auto,0,1440,cf8,120
Car/Truck Expense,Insurance-Auto,0,1440,cf9,120
Car/Truck Expense,Insurance-Auto,0,1440,cf10,120
Car/Truck Expense,Insurance-Auto,0,1440,cf11,120
Car/Truck Expense,Insurance-Auto,0,1440,cf12,120
Car/Truck Expense,Mileage,0,0,cf1,0
Car/Truck Expense,Mileage,0,0,cf2,0
Car/Truck Expense,Mileage,0,0,cf3,0
Car/Truck Expense,Mileage,0,0,cf4,0
Car/Truck Expense,Mileage,0,0,cf5,0
Car/Truck Expense,Mileage,0,0,cf6,0
Car/Truck Expense,Mileage,0,0,cf7,0
Car/Truck Expense,Mileage,0,0,cf8,0
Car/Truck Expense,Mileage,0,0,cf9,0
Car/Truck Expense,Mileage,0,0,cf10,0
Car/Truck Expense,Mileage,0,0,cf11,0
Car/Truck Expense,Mileage,0,0,cf12,0
Car/Truck Expense,Registration & License,0,546,cf1,0
Car/Truck Expense,Registration & License,0,546,cf2,0
Car/Truck Expense,Registration & License,0,546,cf3,0
Car/Truck Expense,Registration & License,0,546,cf4,546
Car/Truck Expense,Registration & License,0,546,cf5,0
Car/Truck Expense,Registration & License,0,546,cf6,0
Car/Truck Expense,Registration & License,0,546,cf7,0
Car/Truck Expense,Registration & License,0,546,cf8,0
Car/Truck Expense,Registration & License,0,546,cf9,0
Car/Truck Expense,Registration & License,0,546,cf10,0
Car/Truck Expense,Registration & License,0,546,cf11,0
Car/Truck Expense,Registration & License,0,546,cf12,0
Car/Truck Expense,Repairs & Maintenance,0,1700.23,cf1,0
Car/Truck Expense,Repairs & Maintenance,0,1700.23,cf2,0
Car/Truck Expense,Repairs & Maintenance,0,1700.23,cf3,0
Car/Truck Expense,Repairs & Maintenance,0,1700.23,cf4,980.23
Car/Truck Expense,Repairs & Maintenance,0,1700.23,cf5,0
Car/Truck Expense,Repairs & Maintenance,0,1700.23,cf6,0
Car/Truck Expense,Repairs & Maintenance,0,1700.23,cf7,0
Car/Truck Expense,Repairs & Maintenance,0,1700.23,cf8,0
Car/Truck Expense,Repairs & Maintenance,0,1700.23,cf9,0
Car/Truck Expense,Repairs & Maintenance,0,1700.23,cf10,720
Car/Truck Expense,Repairs & Maintenance,0,1700.23,cf11,0
Car/Truck Expense,Repairs & Maintenance,0,1700.23,cf12,0
Company Checking Account,Company Checking Account,12349,90154.32,cf1,9080.48
Company Checking Account,Company Checking Account,12349,90154.32,cf2,4527.299999999996
Company Checking Account,Company Checking Account,12349,90154.32,cf3,18167.75
Company Checking Account,Company Checking Account,12349,90154.32,cf4,-36340.97
Company Checking Account,Company Checking Account,12349,90154.32,cf5,27730.660000000003
Company Checking Account,Company Checking Account,12349,90154.32,cf6,41477.64000000001
Company Checking Account,Company Checking Account,12349,90154.32,cf7,-34805.34
Company Checking Account,Company Checking Account,12349,90154.32,cf8,24084.99
Company Checking Account,Company Checking Account,12349,90154.32,cf9,30063.329999999998
Company Checking Account,Company Checking Account,12349,90154.32,cf10,-25862.79
Company Checking Account,Company Checking Account,12349,90154.32,cf11,-22983.63
Company Checking Account,Company Checking Account,12349,90154.32,cf12,42665.899999999994
Company Savings Account,Company Savings Account,25000,25000,cf1,0
Company Savings Account,Company Savings Account,25000,25000,cf2,0
Company Savings Account,Company Savings Account,25000,25000,cf3,0
Company Savings Account,Company Savings Account,25000,25000,cf4,0
Company Savings Account,Company Savings Account,25000,25000,cf5,0
Company Savings Account,Company Savings Account,25000,25000,cf6,0
Company Savings Account,Company Savings Account,25000,25000,cf7,0
Company Savings Account,Company Savings Account,25000,25000,cf8,0
Company Savings Account,Company Savings Account,25000,25000,cf9,0
Company Savings Account,Company Savings Account,25000,25000,cf10,0
Company Savings Account,Company Savings Account,25000,25000,cf11,0
Company Savings Account,Company Savings Account,25000,25000,cf12,0
Computer & Office Equipment,Computer & Office Equipment,16953,19453,cf1,0
Computer & Office Equipment,Computer & Office Equipment,16953,19453,cf2,0
Computer & Office Equipment,Computer & Office Equipment,16953,19453,cf3,0
Computer & Office Equipment,Computer & Office Equipment,16953,19453,cf4,0
Computer & Office Equipment,Computer & Office Equipment,16953,19453,cf5,0
Computer & Office Equipment,Computer & Office Equipment,16953,19453,cf6,2500
Computer & Office Equipment,Computer & Office Equipment,16953,19453,cf7,0
Computer & Office Equipment,Computer & Office Equipment,16953,19453,cf8,0
Computer & Office Equipment,Computer & Office Equipment,16953,19453,cf9,0
Computer & Office Equipment,Computer & Office Equipment,16953,19453,cf10,0
Computer & Office Equipment,Computer & Office Equipment,16953,19453,cf11,0
Computer & Office Equipment,Computer & Office Equipment,16953,19453,cf12,0
Conferences and Seminars,Conferences and Seminars,0,4700,cf1,1000
Conferences and Seminars,Conferences and Seminars,0,4700,cf2,0
Conferences and Seminars,Conferences and Seminars,0,4700,cf3,0
Conferences and Seminars,Conferences and Seminars,0,4700,cf4,0
Conferences and Seminars,Conferences and Seminars,0,4700,cf5,350
Conferences and Seminars,Conferences and Seminars,0,4700,cf6,0
Conferences and Seminars,Conferences and Seminars,0,4700,cf7,0
Conferences and Seminars,Conferences and Seminars,0,4700,cf8,3350
Conferences and Seminars,Conferences and Seminars,0,4700,cf9,0
Conferences and Seminars,Conferences and Seminars,0,4700,cf10,0
Conferences and Seminars,Conferences and Seminars,0,4700,cf11,0
Conferences and Seminars,Conferences and Seminars,0,4700,cf12,0
Contributions,Contributions,0,2500,cf1,0
Contributions,Contributions,0,2500,cf2,0
Contributions,Contributions,0,2500,cf3,0
Contributions,Contributions,0,2500,cf4,0
Contributions,Contributions,0,2500,cf5,0
Contributions,Contributions,0,2500,cf6,0
Contributions,Contributions,0,2500,cf7,0
Contributions,Contributions,0,2500,cf8,0
Contributions,Contributions,0,2500,cf9,0
Contributions,Contributions,0,2500,cf10,0
Contributions,Contributions,0,2500,cf11,0
Contributions,Contributions,0,2500,cf12,2500
Customer Deposits,Customer Deposits,0,3500,cf1,0
Customer Deposits,Customer Deposits,0,3500,cf2,0
Customer Deposits,Customer Deposits,0,3500,cf3,0
Customer Deposits,Customer Deposits,0,3500,cf4,0
Customer Deposits,Customer Deposits,0,3500,cf5,0
Customer Deposits,Customer Deposits,0,3500,cf6,0
Customer Deposits,Customer Deposits,0,3500,cf7,0
Customer Deposits,Customer Deposits,0,3500,cf8,0
Customer Deposits,Customer Deposits,0,3500,cf9,0
Customer Deposits,Customer Deposits,0,3500,cf10,0
Customer Deposits,Customer Deposits,0,3500,cf11,0
Customer Deposits,Customer Deposits,0,3500,cf12,3500
Deborah Wood Equity,Deborah Wood Draws,0,135000,cf1,10500
Deborah Wood Equity,Deborah Wood Draws,0,135000,cf2,12250
Deborah Wood Equity,Deborah Wood Draws,0,135000,cf3,10000
Deborah Wood Equity,Deborah Wood Draws,0,135000,cf4,11750
Deborah Wood Equity,Deborah Wood Draws,0,135000,cf5,12000
Deborah Wood Equity,Deborah Wood Draws,0,135000,cf6,11250
Deborah Wood Equity,Deborah Wood Draws,0,135000,cf7,10000
Deborah Wood Equity,Deborah Wood Draws,0,135000,cf8,12000
Deborah Wood Equity,Deborah Wood Draws,0,135000,cf9,11500
Deborah Wood Equity,Deborah Wood Draws,0,135000,cf10,11000
Deborah Wood Equity,Deborah Wood Draws,0,135000,cf11,10750
Deborah Wood Equity,Deborah Wood Draws,0,135000,cf12,12000
Deborah Wood Equity,Deborah Wood Equity,0,0,cf1,0
Deborah Wood Equity,Deborah Wood Equity,0,0,cf2,0
Deborah Wood Equity,Deborah Wood Equity,0,0,cf3,0
Deborah Wood Equity,Deborah Wood Equity,0,0,cf4,0
Deborah Wood Equity,Deborah Wood Equity,0,0,cf5,0
Deborah Wood Equity,Deborah Wood Equity,0,0,cf6,0
Deborah Wood Equity,Deborah Wood Equity,0,0,cf7,0
Deborah Wood Equity,Deborah Wood Equity,0,0,cf8,0
Deborah Wood Equity,Deborah Wood Equity,0,0,cf9,0
Deborah Wood Equity,Deborah Wood Equity,0,0,cf10,0
Deborah Wood Equity,Deborah Wood Equity,0,0,cf11,0
Deborah Wood Equity,Deborah Wood Equity,0,0,cf12,0
Deborah Wood Equity,Deborah Wood Equity - Other,0,0,cf1,0
Deborah Wood Equity,Deborah Wood Equity - Other,0,0,cf2,0
Deborah Wood Equity,Deborah Wood Equity - Other,0,0,cf3,0
Deborah Wood Equity,Deborah Wood Equity - Other,0,0,cf4,0
Deborah Wood Equity,Deborah Wood Equity - Other,0,0,cf5,0
Deborah Wood Equity,Deborah Wood Equity - Other,0,0,cf6,0
Deborah Wood Equity,Deborah Wood Equity - Other,0,0,cf7,0
Deborah Wood Equity,Deborah Wood Equity - Other,0,0,cf8,0
Deborah Wood Equity,Deborah Wood Equity - Other,0,0,cf9,0
Deborah Wood Equity,Deborah Wood Equity - Other,0,0,cf10,0
Deborah Wood Equity,Deborah Wood Equity - Other,0,0,cf11,0
Deborah Wood Equity,Deborah Wood Equity - Other,0,0,cf12,0
Deborah Wood Equity,Deborah Wood Investment,0,0,cf1,0
Deborah Wood Equity,Deborah Wood Investment,0,0,cf2,0
Deborah Wood Equity,Deborah Wood Investment,0,0,cf3,0
Deborah Wood Equity,Deborah Wood Investment,0,0,cf4,0
Deborah Wood Equity,Deborah Wood Investment,0,0,cf5,0
Deborah Wood Equity,Deborah Wood Investment,0,0,cf6,0
Deborah Wood Equity,Deborah Wood Investment,0,0,cf7,0
Deborah Wood Equity,Deborah Wood Investment,0,0,cf8,0
Deborah Wood Equity,Deborah Wood Investment,0,0,cf9,0
Deborah Wood Equity,Deborah Wood Investment,0,0,cf10,0
Deborah Wood Equity,Deborah Wood Investment,0,0,cf11,0
Deborah Wood Equity,Deborah Wood Investment,0,0,cf12,0
Deborah Wood Equity,Deborah Wood's Time to Jobs,0,0,cf1,0
Deborah Wood Equity,Deborah Wood's Time to Jobs,0,0,cf2,0
Deborah Wood Equity,Deborah Wood's Time to Jobs,0,0,cf3,0
Deborah Wood Equity,Deborah Wood's Time to Jobs,0,0,cf4,0
Deborah Wood Equity,Deborah Wood's Time to Jobs,0,0,cf5,0
Deborah Wood Equity,Deborah Wood's Time to Jobs,0,0,cf6,0
Deborah Wood Equity,Deborah Wood's Time to Jobs,0,0,cf7,0
Deborah Wood Equity,Deborah Wood's Time to Jobs,0,0,cf8,0
Deborah Wood Equity,Deborah Wood's Time to Jobs,0,0,cf9,0
Deborah Wood Equity,Deborah Wood's Time to Jobs,0,0,cf10,0
Deborah Wood Equity,Deborah Wood's Time to Jobs,0,0,cf11,0
Deborah Wood Equity,Deborah Wood's Time to Jobs,0,0,cf12,0
Depreciation Expense,Depreciation Expense,0,923.04,cf1,76.92
Depreciation Expense,Depreciation Expense,0,923.04,cf2,76.92
Depreciation Expense,Depreciation Expense,0,923.04,cf3,76.92
Depreciation Expense,Depreciation Expense,0,923.04,cf4,76.92
Depreciation Expense,Depreciation Expense,0,923.04,cf5,76.92
Depreciation Expense,Depreciation Expense,0,923.04,cf6,76.92
Depreciation Expense,Depreciation Expense,0,923.04,cf7,76.92
Depreciation Expense,Depreciation Expense,0,923.04,cf8,76.92
Depreciation Expense,Depreciation Expense,0,923.04,cf9,76.92
Depreciation Expense,Depreciation Expense,0,923.04,cf10,76.92
Depreciation Expense,Depreciation Expense,0,923.04,cf11,76.92
Depreciation Expense,Depreciation Expense,0,923.04,cf12,76.92
Direct Labor,Direct Labor,0,0,cf1,0
Direct Labor,Direct Labor,0,0,cf2,0
Direct Labor,Direct Labor,0,0,cf3,0
Direct Labor,Direct Labor,0,0,cf4,0
Direct Labor,Direct Labor,0,0,cf5,0
Direct Labor,Direct Labor,0,0,cf6,0
Direct Labor,Direct Labor,0,0,cf7,0
Direct Labor,Direct Labor,0,0,cf8,0
Direct Labor,Direct Labor,0,0,cf9,0
Direct Labor,Direct Labor,0,0,cf10,0
Direct Labor,Direct Labor,0,0,cf11,0
Direct Labor,Direct Labor,0,0,cf12,0
Direct Labor,Direct Labor - Other,0,0,cf1,0
Direct Labor,Direct Labor - Other,0,0,cf2,0
Direct Labor,Direct Labor - Other,0,0,cf3,0
Direct Labor,Direct Labor - Other,0,0,cf4,0
Direct Labor,Direct Labor - Other,0,0,cf5,0
Direct Labor,Direct Labor - Other,0,0,cf6,0
Direct Labor,Direct Labor - Other,0,0,cf7,0
Direct Labor,Direct Labor - Other,0,0,cf8,0
Direct Labor,Direct Labor - Other,0,0,cf9,0
Direct Labor,Direct Labor - Other,0,0,cf10,0
Direct Labor,Direct Labor - Other,0,0,cf11,0
Direct Labor,Direct Labor - Other,0,0,cf12,0
Direct Labor,Wages - Sales-Inside,0,2500,cf1,0
Direct Labor,Wages - Sales-Inside,0,2500,cf2,0
Direct Labor,Wages - Sales-Inside,0,2500,cf3,0
Direct Labor,Wages - Sales-Inside,0,2500,cf4,0
Direct Labor,Wages - Sales-Inside,0,2500,cf5,0
Direct Labor,Wages - Sales-Inside,0,2500,cf6,0
Direct Labor,Wages - Sales-Inside,0,2500,cf7,0
Direct Labor,Wages - Sales-Inside,0,2500,cf8,0
Direct Labor,Wages - Sales-Inside,0,2500,cf9,0
Direct Labor,Wages - Sales-Inside,0,2500,cf10,0
Direct Labor,Wages - Sales-Inside,0,2500,cf11,0
Direct Labor,Wages - Sales-Inside,0,2500,cf12,2500
Direct Labor,Wages - Warehouse,0,19705,cf1,810
Direct Labor,Wages - Warehouse,0,19705,cf2,1620
Direct Labor,Wages - Warehouse,0,19705,cf3,1620
Direct Labor,Wages - Warehouse,0,19705,cf4,1620
Direct Labor,Wages - Warehouse,0,19705,cf5,1620
Direct Labor,Wages - Warehouse,0,19705,cf6,1620
Direct Labor,Wages - Warehouse,0,19705,cf7,1620
Direct Labor,Wages - Warehouse,0,19705,cf8,1620
Direct Labor,Wages - Warehouse,0,19705,cf9,1620
Direct Labor,Wages - Warehouse,0,19705,cf10,1620
Direct Labor,Wages - Warehouse,0,19705,cf11,1620
Direct Labor,Wages - Warehouse,0,19705,cf12,2695
Dues and Subscriptions,Dues and Subscriptions,0,1900,cf1,850
Dues and Subscriptions,Dues and Subscriptions,0,1900,cf2,0
Dues and Subscriptions,Dues and Subscriptions,0,1900,cf3,0
Dues and Subscriptions,Dues and Subscriptions,0,1900,cf4,0
Dues and Subscriptions,Dues and Subscriptions,0,1900,cf5,0
Dues and Subscriptions,Dues and Subscriptions,0,1900,cf6,0
Dues and Subscriptions,Dues and Subscriptions,0,1900,cf7,0
Dues and Subscriptions,Dues and Subscriptions,0,1900,cf8,1050
Dues and Subscriptions,Dues and Subscriptions,0,1900,cf9,0
Dues and Subscriptions,Dues and Subscriptions,0,1900,cf10,0
Dues and Subscriptions,Dues and Subscriptions,0,1900,cf11,0
Dues and Subscriptions,Dues and Subscriptions,0,1900,cf12,0
Employee Advances,Employee Advances,0,0,cf1,0
Employee Advances,Employee Advances,0,0,cf2,0
Employee Advances,Employee Advances,0,0,cf3,0
Employee Advances,Employee Advances,0,0,cf4,0
Employee Advances,Employee Advances,0,0,cf5,0
Employee Advances,Employee Advances,0,0,cf6,0
Employee Advances,Employee Advances,0,0,cf7,0
Employee Advances,Employee Advances,0,0,cf8,0
Employee Advances,Employee Advances,0,0,cf9,0
Employee Advances,Employee Advances,0,0,cf10,0
Employee Advances,Employee Advances,0,0,cf11,0
Employee Advances,Employee Advances,0,0,cf12,0
Freight Costs,Freight Costs,0,1810,cf1,134
Freight Costs,Freight Costs,0,1810,cf2,197
Freight Costs,Freight Costs,0,1810,cf3,164
Freight Costs,Freight Costs,0,1810,cf4,164
Freight Costs,Freight Costs,0,1810,cf5,164
Freight Costs,Freight Costs,0,1810,cf6,148
Freight Costs,Freight Costs,0,1810,cf7,152
Freight Costs,Freight Costs,0,1810,cf8,148
Freight Costs,Freight Costs,0,1810,cf9,181
Freight Costs,Freight Costs,0,1810,cf10,196
Freight Costs,Freight Costs,0,1810,cf11,0
Freight Costs,Freight Costs,0,1810,cf12,162
Insurance,Disability Insurance,0,0,cf1,0
Insurance,Disability Insurance,0,0,cf2,0
Insurance,Disability Insurance,0,0,cf3,0
Insurance,Disability Insurance,0,0,cf4,0
Insurance,Disability Insurance,0,0,cf5,0
Insurance,Disability Insurance,0,0,cf6,0
Insurance,Disability Insurance,0,0,cf7,0
Insurance,Disability Insurance,0,0,cf8,0
Insurance,Disability Insurance,0,0,cf9,0
Insurance,Disability Insurance,0,0,cf10,0
Insurance,Disability Insurance,0,0,cf11,0
Insurance,Disability Insurance,0,0,cf12,0
Insurance,General Liability Insurance,0,2760,cf1,230
Insurance,General Liability Insurance,0,2760,cf2,230
Insurance,General Liability Insurance,0,2760,cf3,230
Insurance,General Liability Insurance,0,2760,cf4,230
Insurance,General Liability Insurance,0,2760,cf5,230
Insurance,General Liability Insurance,0,2760,cf6,230
Insurance,General Liability Insurance,0,2760,cf7,230
Insurance,General Liability Insurance,0,2760,cf8,230
Insurance,General Liability Insurance,0,2760,cf9,230
Insurance,General Liability Insurance,0,2760,cf10,230
Insurance,General Liability Insurance,0,2760,cf11,230
Insurance,General Liability Insurance,0,2760,cf12,230
Insurance,Insurance,0,0,cf1,0
Insurance,Insurance,0,0,cf2,0
Insurance,Insurance,0,0,cf3,0
Insurance,Insurance,0,0,cf4,0
Insurance,Insurance,0,0,cf5,0
Insurance,Insurance,0,0,cf6,0
Insurance,Insurance,0,0,cf7,0
Insurance,Insurance,0,0,cf8,0
Insurance,Insurance,0,0,cf9,0
Insurance,Insurance,0,0,cf10,0
Insurance,Insurance,0,0,cf11,0
Insurance,Insurance,0,0,cf12,0
Insurance,Insurance - Other,0,0,cf1,0
Insurance,Insurance - Other,0,0,cf2,0
Insurance,Insurance - Other,0,0,cf3,0
Insurance,Insurance - Other,0,0,cf4,0
Insurance,Insurance - Other,0,0,cf5,0
Insurance,Insurance - Other,0,0,cf6,0
Insurance,Insurance - Other,0,0,cf7,0
Insurance,Insurance - Other,0,0,cf8,0
Insurance,Insurance - Other,0,0,cf9,0
Insurance,Insurance - Other,0,0,cf10,0
Insurance,Insurance - Other,0,0,cf11,0
Insurance,Insurance - Other,0,0,cf12,0
Insurance,Life Insurance,0,0,cf1,0
Insurance,Life Insurance,0,0,cf2,0
Insurance,Life Insurance,0,0,cf3,0
Insurance,Life Insurance,0,0,cf4,0
Insurance,Life Insurance,0,0,cf5,0
Insurance,Life Insurance,0,0,cf6,0
Insurance,Life Insurance,0,0,cf7,0
Insurance,Life Insurance,0,0,cf8,0
Insurance,Life Insurance,0,0,cf9,0
Insurance,Life Insurance,0,0,cf10,0
Insurance,Life Insurance,0,0,cf11,0
Insurance,Life Insurance,0,0,cf12,0
Insurance,Owner's Health Insurance,0,4272,cf1,356
Insurance,Owner's Health Insurance,0,4272,cf2,356
Insurance,Owner's Health Insurance,0,4272,cf3,356
Insurance,Owner's Health Insurance,0,4272,cf4,356
Insurance,Owner's Health Insurance,0,4272,cf5,356
Insurance,Owner's Health Insurance,0,4272,cf6,356
Insurance,Owner's Health Insurance,0,4272,cf7,356
Insurance,Owner's Health Insurance,0,4272,cf8,356
Insurance,Owner's Health Insurance,0,4272,cf9,356
Insurance,Owner's Health Insurance,0,4272,cf10,356
Insurance,Owner's Health Insurance,0,4272,cf11,356
Insurance,Owner's Health Insurance,0,4272,cf12,356
Insurance,Professional Liability Insuranc,0,6875,cf1,0
Insurance,Professional Liability Insuranc,0,6875,cf2,625
Insurance,Professional Liability Insuranc,0,6875,cf3,625
Insurance,Professional Liability Insuranc,0,6875,cf4,625
Insurance,Professional Liability Insuranc,0,6875,cf5,625
Insurance,Professional Liability Insuranc,0,6875,cf6,625
Insurance,Professional Liability Insuranc,0,6875,cf7,625
Insurance,Professional Liability Insuranc,0,6875,cf8,625
Insurance,Professional Liability Insuranc,0,6875,cf9,625
Insurance,Professional Liability Insuranc,0,6875,cf10,625
Insurance,Professional Liability Insuranc,0,6875,cf11,625
Insurance,Professional Liability Insuranc,0,6875,cf12,625
Insurance,Worker's Compensation,0,2782.08,cf1,231.84
Insurance,Worker's Compensation,0,2782.08,cf2,231.84
Insurance,Worker's Compensation,0,2782.08,cf3,231.84
Insurance,Worker's Compensation,0,2782.08,cf4,231.84
Insurance,Worker's Compensation,0,2782.08,cf5,231.84
Insurance,Worker's Compensation,0,2782.08,cf6,231.84
Insurance,Worker's Compensation,0,2782.08,cf7,231.84
Insurance,Worker's Compensation,0,2782.08,cf8,231.84
Insurance,Worker's Compensation,0,2782.08,cf9,231.84
Insurance,Worker's Compensation,0,2782.08,cf10,231.84
Insurance,Worker's Compensation,0,2782.08,cf11,231.84
Insurance,Worker's Compensation,0,2782.08,cf12,231.84
Inventory Asset,Inventory Asset,88185.3,46126.04999999999,cf1,26416.66
Inventory Asset,Inventory Asset,88185.3,46126.04999999999,cf2,1916.1800000000003
Inventory Asset,Inventory Asset,88185.3,46126.04999999999,cf3,8621.76
Inventory Asset,Inventory Asset,88185.3,46126.04999999999,cf4,10409.07
Inventory Asset,Inventory Asset,88185.3,46126.04999999999,cf5,-13198.06
Inventory Asset,Inventory Asset,88185.3,46126.04999999999,cf6,-7558.450000000001
Inventory Asset,Inventory Asset,88185.3,46126.04999999999,cf7,-15353.24
Inventory Asset,Inventory Asset,88185.3,46126.04999999999,cf8,-12836.84
Inventory Asset,Inventory Asset,88185.3,46126.04999999999,cf9,10074.35
Inventory Asset,Inventory Asset,88185.3,46126.04999999999,cf10,-14139.53
Inventory Asset,Inventory Asset,88185.3,46126.04999999999,cf11,-15894.970000000001
Inventory Asset,Inventory Asset,88185.3,46126.04999999999,cf12,-20516.18
Line of Credit,Line of Credit,-23409.23,-104618.07999999999,cf1,-100.13
Line of Credit,Line of Credit,-23409.23,-104618.07999999999,cf2,9919.53
Line of Credit,Line of Credit,-23409.23,-104618.07999999999,cf3,-50081.56
Line of Credit,Line of Credit,-23409.23,-104618.07999999999,cf4,-82.98
Line of Credit,Line of Credit,-23409.23,-104618.07999999999,cf5,-25125.89
Line of Credit,Line of Credit,-23409.23,-104618.07999999999,cf6,-25156.65
Line of Credit,Line of Credit,-23409.23,-104618.07999999999,cf7,9886.75
Line of Credit,Line of Credit,-23409.23,-104618.07999999999,cf8,-5095.65
Line of Credit,Line of Credit,-23409.23,-104618.07999999999,cf9,-97.25
Line of Credit,Line of Credit,-23409.23,-104618.07999999999,cf10,-99.56
Line of Credit,Line of Credit,-23409.23,-104618.07999999999,cf11,4945.79
Line of Credit,Line of Credit,-23409.23,-104618.07999999999,cf12,-121.25
Machinery & Equipment,Machinery & Equipment,25963,25963,cf1,0
Machinery & Equipment,Machinery & Equipment,25963,25963,cf2,0
Machinery & Equipment,Machinery & Equipment,25963,25963,cf3,0
Machinery & Equipment,Machinery & Equipment,25963,25963,cf4,0
Machinery & Equipment,Machinery & Equipment,25963,25963,cf5,0
Machinery & Equipment,Machinery & Equipment,25963,25963,cf6,0
Machinery & Equipment,Machinery & Equipment,25963,25963,cf7,0
Machinery & Equipment,Machinery & Equipment,25963,25963,cf8,0
Machinery & Equipment,Machinery & Equipment,25963,25963,cf9,0
Machinery & Equipment,Machinery & Equipment,25963,25963,cf10,0
Machinery & Equipment,Machinery & Equipment,25963,25963,cf11,0
Machinery & Equipment,Machinery & Equipment,25963,25963,cf12,0
Maintenance/Janitorial,Maintenance/Janitorial,0,2841.95,cf1,200
Maintenance/Janitorial,Maintenance/Janitorial,0,2841.95,cf2,200
Maintenance/Janitorial,Maintenance/Janitorial,0,2841.95,cf3,200
Maintenance/Janitorial,Maintenance/Janitorial,0,2841.95,cf4,357
Maintenance/Janitorial,Maintenance/Janitorial,0,2841.95,cf5,200
Maintenance/Janitorial,Maintenance/Janitorial,0,2841.95,cf6,200
Maintenance/Janitorial,Maintenance/Janitorial,0,2841.95,cf7,327.5
Maintenance/Janitorial,Maintenance/Janitorial,0,2841.95,cf8,200
Maintenance/Janitorial,Maintenance/Janitorial,0,2841.95,cf9,200
Maintenance/Janitorial,Maintenance/Janitorial,0,2841.95,cf10,357.45
Maintenance/Janitorial,Maintenance/Janitorial,0,2841.95,cf11,200
Maintenance/Janitorial,Maintenance/Janitorial,0,2841.95,cf12,200
Marketing Expense,Marketing Expense,0,4982,cf1,0
Marketing Expense,Marketing Expense,0,4982,cf2,0
Marketing Expense,Marketing Expense,0,4982,cf3,0
Marketing Expense,Marketing Expense,0,4982,cf4,285
Marketing Expense,Marketing Expense,0,4982,cf5,0
Marketing Expense,Marketing Expense,0,4982,cf6,0
Marketing Expense,Marketing Expense,0,4982,cf7,0
Marketing Expense,Marketing Expense,0,4982,cf8,4500
Marketing Expense,Marketing Expense,0,4982,cf9,0
Marketing Expense,Marketing Expense,0,4982,cf10,0
Marketing Expense,Marketing Expense,0,4982,cf11,197
Marketing Expense,Marketing Expense,0,4982,cf12,0
Meals and Entertainment,Meals and Entertainment,0,1376.35,cf1,100.72
Meals and Entertainment,Meals and Entertainment,0,1376.35,cf2,201.53
Meals and Entertainment,Meals and Entertainment,0,1376.35,cf3,51
Meals and Entertainment,Meals and Entertainment,0,1376.35,cf4,75.41
Meals and Entertainment,Meals and Entertainment,0,1376.35,cf5,171.56
Meals and Entertainment,Meals and Entertainment,0,1376.35,cf6,0
Meals and Entertainment,Meals and Entertainment,0,1376.35,cf7,157.16
Meals and Entertainment,Meals and Entertainment,0,1376.35,cf8,69.77
Meals and Entertainment,Meals and Entertainment,0,1376.35,cf9,0
Meals and Entertainment,Meals and Entertainment,0,1376.35,cf10,131.1
Meals and Entertainment,Meals and Entertainment,0,1376.35,cf11,155.1
Meals and Entertainment,Meals and Entertainment,0,1376.35,cf12,263
Misc. Revenue,Misc. Revenue,0,0,cf1,0
Misc. Revenue,Misc. Revenue,0,0,cf2,0
Misc. Revenue,Misc. Revenue,0,0,cf3,0
Misc. Revenue,Misc. Revenue,0,0,cf4,0
Misc. Revenue,Misc. Revenue,0,0,cf5,0
Misc. Revenue,Misc. Revenue,0,0,cf6,0
Misc. Revenue,Misc. Revenue,0,0,cf7,0
Misc. Revenue,Misc. Revenue,0,0,cf8,0
Misc. Revenue,Misc. Revenue,0,0,cf9,0
Misc. Revenue,Misc. Revenue,0,0,cf10,0
Misc. Revenue,Misc. Revenue,0,0,cf11,0
Misc. Revenue,Misc. Revenue,0,0,cf12,0
No accnt,No accnt,0,0,cf1,0
No accnt,No accnt,0,0,cf2,0
No accnt,No accnt,0,0,cf3,0
No accnt,No accnt,0,0,cf4,0
No accnt,No accnt,0,0,cf5,0
No accnt,No accnt,0,0,cf6,0
No accnt,No accnt,0,0,cf7,0
No accnt,No accnt,0,0,cf8,0
No accnt,No accnt,0,0,cf9,0
No accnt,No accnt,0,0,cf10,0
No accnt,No accnt,0,0,cf11,0
No accnt,No accnt,0,0,cf12,0
Office Equipment,Office Equipment,0,1100,cf1,25
Office Equipment,Office Equipment,0,1100,cf2,475
Office Equipment,Office Equipment,0,1100,cf3,25
Office Equipment,Office Equipment,0,1100,cf4,25
Office Equipment,Office Equipment,0,1100,cf5,25
Office Equipment,Office Equipment,0,1100,cf6,375
Office Equipment,Office Equipment,0,1100,cf7,25
Office Equipment,Office Equipment,0,1100,cf8,25
Office Equipment,Office Equipment,0,1100,cf9,25
Office Equipment,Office Equipment,0,1100,cf10,25
Office Equipment,Office Equipment,0,1100,cf11,25
Office Equipment,Office Equipment,0,1100,cf12,25
Opening Bal Equity,Opening Bal Equity,-43949.8,-44324.8,cf1,0
Opening Bal Equity,Opening Bal Equity,-43949.8,-44324.8,cf2,0
Opening Bal Equity,Opening Bal Equity,-43949.8,-44324.8,cf3,0
Opening Bal Equity,Opening Bal Equity,-43949.8,-44324.8,cf4,0
Opening Bal Equity,Opening Bal Equity,-43949.8,-44324.8,cf5,0
Opening Bal Equity,Opening Bal Equity,-43949.8,-44324.8,cf6,0
Opening Bal Equity,Opening Bal Equity,-43949.8,-44324.8,cf7,0
Opening Bal Equity,Opening Bal Equity,-43949.8,-44324.8,cf8,0
Opening Bal Equity,Opening Bal Equity,-43949.8,-44324.8,cf9,0
Opening Bal Equity,Opening Bal Equity,-43949.8,-44324.8,cf10,0
Opening Bal Equity,Opening Bal Equity,-43949.8,-44324.8,cf11,0
Opening Bal Equity,Opening Bal Equity,-43949.8,-44324.8,cf12,-375
Other Expense,Interest Expense,0,2296.45,cf1,100.13
Other Expense,Interest Expense,0,2296.45,cf2,180.6
Other Expense,Interest Expense,0,2296.45,cf3,162.03
Other Expense,Interest Expense,0,2296.45,cf4,164.54000000000002
Other Expense,Interest Expense,0,2296.45,cf5,208.87
Other Expense,Interest Expense,0,2296.45,cf6,282.54
Other Expense,Interest Expense,0,2296.45,cf7,269.9
Other Expense,Interest Expense,0,2296.45,cf8,208.9
Other Expense,Interest Expense,0,2296.45,cf9,192.9
Other Expense,Interest Expense,0,2296.45,cf10,196.81
Other Expense,Interest Expense,0,2296.45,cf11,153.77
Other Expense,Interest Expense,0,2296.45,cf12,175.46
Other Expense,Other Expense,0,0,cf1,0
Other Expense,Other Expense,0,0,cf2,0
Other Expense,Other Expense,0,0,cf3,0
Other Expense,Other Expense,0,0,cf4,0
Other Expense,Other Expense,0,0,cf5,0
Other Expense,Other Expense,0,0,cf6,0
Other Expense,Other Expense,0,0,cf7,0
Other Expense,Other Expense,0,0,cf8,0
Other Expense,Other Expense,0,0,cf9,0
Other Expense,Other Expense,0,0,cf10,0
Other Expense,Other Expense,0,0,cf11,0
Other Expense,Other Expense,0,0,cf12,0
Other Expense,Other Expense - Other,0,0,cf1,0
Other Expense,Other Expense - Other,0,0,cf2,0
Other Expense,Other Expense - Other,0,0,cf3,0
Other Expense,Other Expense - Other,0,0,cf4,0
Other Expense,Other Expense - Other,0,0,cf5,0
Other Expense,Other Expense - Other,0,0,cf6,0
Other Expense,Other Expense - Other,0,0,cf7,0
Other Expense,Other Expense - Other,0,0,cf8,0
Other Expense,Other Expense - Other,0,0,cf9,0
Other Expense,Other Expense - Other,0,0,cf10,0
Other Expense,Other Expense - Other,0,0,cf11,0
Other Expense,Other Expense - Other,0,0,cf12,0
Other Income,Early Payment Discounts,0,0,cf1,0
Other Income,Early Payment Discounts,0,0,cf2,0
Other Income,Early Payment Discounts,0,0,cf3,0
Other Income,Early Payment Discounts,0,0,cf4,0
Other Income,Early Payment Discounts,0,0,cf5,0
Other Income,Early Payment Discounts,0,0,cf6,0
Other Income,Early Payment Discounts,0,0,cf7,0
Other Income,Early Payment Discounts,0,0,cf8,0
Other Income,Early Payment Discounts,0,0,cf9,0
Other Income,Early Payment Discounts,0,0,cf10,0
Other Income,Early Payment Discounts,0,0,cf11,0
Other Income,Early Payment Discounts,0,0,cf12,0
Other Income,Interest Income,0,0,cf1,0
Other Income,Interest Income,0,0,cf2,0
Other Income,Interest Income,0,0,cf3,0
Other Income,Interest Income,0,0,cf4,0
Other Income,Interest Income,0,0,cf5,0
Other Income,Interest Income,0,0,cf6,0
Other Income,Interest Income,0,0,cf7,0
Other Income,Interest Income,0,0,cf8,0
Other Income,Interest Income,0,0,cf9,0
Other Income,Interest Income,0,0,cf10,0
Other Income,Interest Income,0,0,cf11,0
Other Income,Interest Income,0,0,cf12,0
Other Income,Other Income,0,0,cf1,0
Other Income,Other Income,0,0,cf2,0
Other Income,Other Income,0,0,cf3,0
Other Income,Other Income,0,0,cf4,0
Other Income,Other Income,0,0,cf5,0
Other Income,Other Income,0,0,cf6,0
Other Income,Other Income,0,0,cf7,0
Other Income,Other Income,0,0,cf8,0
Other Income,Other Income,0,0,cf9,0
Other Income,Other Income,0,0,cf10,0
Other Income,Other Income,0,0,cf11,0
Other Income,Other Income,0,0,cf12,0
Other Income,Other Income - Other,0,0,cf1,0
Other Income,Other Income - Other,0,0,cf2,0
Other Income,Other Income - Other,0,0,cf3,0
Other Income,Other Income - Other,0,0,cf4,0
Other Income,Other Income - Other,0,0,cf5,0
Other Income,Other Income - Other,0,0,cf6,0
Other Income,Other Income - Other,0,0,cf7,0
Other Income,Other Income - Other,0,0,cf8,0
Other Income,Other Income - Other,0,0,cf9,0
Other Income,Other Income - Other,0,0,cf10,0
Other Income,Other Income - Other,0,0,cf11,0
Other Income,Other Income - Other,0,0,cf12,0
Packaging Materials,Packaging Materials,0,1752.5,cf1,0
Packaging Materials,Packaging Materials,0,1752.5,cf2,0
Packaging Materials,Packaging Materials,0,1752.5,cf3,0
Packaging Materials,Packaging Materials,0,1752.5,cf4,0
Packaging Materials,Packaging Materials,0,1752.5,cf5,1000
Packaging Materials,Packaging Materials,0,1752.5,cf6,0
Packaging Materials,Packaging Materials,0,1752.5,cf7,0
Packaging Materials,Packaging Materials,0,1752.5,cf8,325
Packaging Materials,Packaging Materials,0,1752.5,cf9,0
Packaging Materials,Packaging Materials,0,1752.5,cf10,427.5
Packaging Materials,Packaging Materials,0,1752.5,cf11,0
Packaging Materials,Packaging Materials,0,1752.5,cf12,0
Payroll Clearing (owner's time),Payroll Clearing (owner's time),0,0,cf1,0
Payroll Clearing (owner's time),Payroll Clearing (owner's time),0,0,cf2,0
Payroll Clearing (owner's time),Payroll Clearing (owner's time),0,0,cf3,0
Payroll Clearing (owner's time),Payroll Clearing (owner's time),0,0,cf4,0
Payroll Clearing (owner's time),Payroll Clearing (owner's time),0,0,cf5,0
Payroll Clearing (owner's time),Payroll Clearing (owner's time),0,0,cf6,0
Payroll Clearing (owner's time),Payroll Clearing (owner's time),0,0,cf7,0
Payroll Clearing (owner's time),Payroll Clearing (owner's time),0,0,cf8,0
Payroll Clearing (owner's time),Payroll Clearing (owner's time),0,0,cf9,0
Payroll Clearing (owner's time),Payroll Clearing (owner's time),0,0,cf10,0
Payroll Clearing (owner's time),Payroll Clearing (owner's time),0,0,cf11,0
Payroll Clearing (owner's time),Payroll Clearing (owner's time),0,0,cf12,0
Payroll Expenses,Payroll Expenses,0,0,cf1,0
Payroll Expenses,Payroll Expenses,0,0,cf2,0
Payroll Expenses,Payroll Expenses,0,0,cf3,0
Payroll Expenses,Payroll Expenses,0,0,cf4,0
Payroll Expenses,Payroll Expenses,0,0,cf5,0
Payroll Expenses,Payroll Expenses,0,0,cf6,0
Payroll Expenses,Payroll Expenses,0,0,cf7,0
Payroll Expenses,Payroll Expenses,0,0,cf8,0
Payroll Expenses,Payroll Expenses,0,0,cf9,0
Payroll Expenses,Payroll Expenses,0,0,cf10,0
Payroll Expenses,Payroll Expenses,0,0,cf11,0
Payroll Expenses,Payroll Expenses,0,0,cf12,0
Payroll Liabilities,401K Payable,0,0,cf1,0
Payroll Liabilities,401K Payable,0,0,cf2,0
Payroll Liabilities,401K Payable,0,0,cf3,0
Payroll Liabilities,401K Payable,0,0,cf4,0
Payroll Liabilities,401K Payable,0,0,cf5,0
Payroll Liabilities,401K Payable,0,0,cf6,0
Payroll Liabilities,401K Payable,0,0,cf7,0
Payroll Liabilities,401K Payable,0,0,cf8,0
Payroll Liabilities,401K Payable,0,0,cf9,0
Payroll Liabilities,401K Payable,0,0,cf10,0
Payroll Liabilities,401K Payable,0,0,cf11,0
Payroll Liabilities,401K Payable,0,0,cf12,0
Payroll Liabilities,Payroll Liabilities,0,0,cf1,0
Payroll Liabilities,Payroll Liabilities,0,0,cf2,0
Payroll Liabilities,Payroll Liabilities,0,0,cf3,0
Payroll Liabilities,Payroll Liabilities,0,0,cf4,0
Payroll Liabilities,Payroll Liabilities,0,0,cf5,0
Payroll Liabilities,Payroll Liabilities,0,0,cf6,0
Payroll Liabilities,Payroll Liabilities,0,0,cf7,0
Payroll Liabilities,Payroll Liabilities,0,0,cf8,0
Payroll Liabilities,Payroll Liabilities,0,0,cf9,0
Payroll Liabilities,Payroll Liabilities,0,0,cf10,0
Payroll Liabilities,Payroll Liabilities,0,0,cf11,0
Payroll Liabilities,Payroll Liabilities,0,0,cf12,0
Payroll Liabilities,Payroll Liabilities - Other,0,0,cf1,0
Payroll Liabilities,Payroll Liabilities - Other,0,0,cf2,0
Payroll Liabilities,Payroll Liabilities - Other,0,0,cf3,0
Payroll Liabilities,Payroll Liabilities - Other,0,0,cf4,0
Payroll Liabilities,Payroll Liabilities - Other,0,0,cf5,0
Payroll Liabilities,Payroll Liabilities - Other,0,0,cf6,0
Payroll Liabilities,Payroll Liabilities - Other,0,0,cf7,0
Payroll Liabilities,Payroll Liabilities - Other,0,0,cf8,0
Payroll Liabilities,Payroll Liabilities - Other,0,0,cf9,0
Payroll Liabilities,Payroll Liabilities - Other,0,0,cf10,0
Payroll Liabilities,Payroll Liabilities - Other,0,0,cf11,0
Payroll Liabilities,Payroll Liabilities - Other,0,0,cf12,0
Payroll Liabilities,Payroll Taxes Payable,0,-2873.720000000001,cf1,-600.59
Payroll Liabilities,Payroll Taxes Payable,0,-2873.720000000001,cf2,-630.63
Payroll Liabilities,Payroll Taxes Payable,0,-2873.720000000001,cf3,30.019999999999982
Payroll Liabilities,Payroll Taxes Payable,0,-2873.720000000001,cf4,78.82999999999993
Payroll Liabilities,Payroll Taxes Payable,0,-2873.720000000001,cf5,1122.37
Payroll Liabilities,Payroll Taxes Payable,0,-2873.720000000001,cf6,-1043.54
Payroll Liabilities,Payroll Taxes Payable,0,-2873.720000000001,cf7,-79.21000000000004
Payroll Liabilities,Payroll Taxes Payable,0,-2873.720000000001,cf8,133.44999999999993
Payroll Liabilities,Payroll Taxes Payable,0,-2873.720000000001,cf9,-54.34000000000003
Payroll Liabilities,Payroll Taxes Payable,0,-2873.720000000001,cf10,0.10000000000013642
Payroll Liabilities,Payroll Taxes Payable,0,-2873.720000000001,cf11,0
Payroll Liabilities,Payroll Taxes Payable,0,-2873.720000000001,cf12,-1830.18
Payroll Liabilities,SEC125 Payable,0,-50,cf1,-50
Payroll Liabilities,SEC125 Payable,0,-50,cf2,-50
Payroll Liabilities,SEC125 Payable,0,-50,cf3,0
Payroll Liabilities,SEC125 Payable,0,-50,cf4,0
Payroll Liabilities,SEC125 Payable,0,-50,cf5,-100
Payroll Liabilities,SEC125 Payable,0,-50,cf6,0
Payroll Liabilities,SEC125 Payable,0,-50,cf7,-100
Payroll Liabilities,SEC125 Payable,0,-50,cf8,0
Payroll Liabilities,SEC125 Payable,0,-50,cf9,-100
Payroll Liabilities,SEC125 Payable,0,-50,cf10,100
Payroll Liabilities,SEC125 Payable,0,-50,cf11,100
Payroll Liabilities,SEC125 Payable,0,-50,cf12,150
Petty Cash Account,Petty Cash Account,0,500,cf1,500
Petty Cash Account,Petty Cash Account,0,500,cf2,0
Petty Cash Account,Petty Cash Account,0,500,cf3,0
Petty Cash Account,Petty Cash Account,0,500,cf4,0
Petty Cash Account,Petty Cash Account,0,500,cf5,0
Petty Cash Account,Petty Cash Account,0,500,cf6,0
Petty Cash Account,Petty Cash Account,0,500,cf7,0
Petty Cash Account,Petty Cash Account,0,500,cf8,0
Petty Cash Account,Petty Cash Account,0,500,cf9,0
Petty Cash Account,Petty Cash Account,0,500,cf10,0
Petty Cash Account,Petty Cash Account,0,500,cf11,0
Petty Cash Account,Petty Cash Account,0,500,cf12,0
Postage and Delivery,Postage and Delivery,0,1098,cf1,78
Postage and Delivery,Postage and Delivery,0,1098,cf2,132
Postage and Delivery,Postage and Delivery,0,1098,cf3,78
Postage and Delivery,Postage and Delivery,0,1098,cf4,78
Postage and Delivery,Postage and Delivery,0,1098,cf5,78
Postage and Delivery,Postage and Delivery,0,1098,cf6,78
Postage and Delivery,Postage and Delivery,0,1098,cf7,78
Postage and Delivery,Postage and Delivery,0,1098,cf8,132
Postage and Delivery,Postage and Delivery,0,1098,cf9,78
Postage and Delivery,Postage and Delivery,0,1098,cf10,78
Postage and Delivery,Postage and Delivery,0,1098,cf11,132
Postage and Delivery,Postage and Delivery,0,1098,cf12,78
Prepaids,Prepaid Insurance,0,0,cf1,6875
Prepaids,Prepaid Insurance,0,0,cf2,-625
Prepaids,Prepaid Insurance,0,0,cf3,-625
Prepaids,Prepaid Insurance,0,0,cf4,-625
Prepaids,Prepaid Insurance,0,0,cf5,-625
Prepaids,Prepaid Insurance,0,0,cf6,-625
Prepaids,Prepaid Insurance,0,0,cf7,-625
Prepaids,Prepaid Insurance,0,0,cf8,-625
Prepaids,Prepaid Insurance,0,0,cf9,-625
Prepaids,Prepaid Insurance,0,0,cf10,-625
Prepaids,Prepaid Insurance,0,0,cf11,-625
Prepaids,Prepaid Insurance,0,0,cf12,-625
Prepaids,Prepaid Taxes,800,800,cf1,0
Prepaids,Prepaid Taxes,800,800,cf2,0
Prepaids,Prepaid Taxes,800,800,cf3,0
Prepaids,Prepaid Taxes,800,800,cf4,0
Prepaids,Prepaid Taxes,800,800,cf5,0
Prepaids,Prepaid Taxes,800,800,cf6,0
Prepaids,Prepaid Taxes,800,800,cf7,0
Prepaids,Prepaid Taxes,800,800,cf8,0
Prepaids,Prepaid Taxes,800,800,cf9,0
Prepaids,Prepaid Taxes,800,800,cf10,0
Prepaids,Prepaid Taxes,800,800,cf11,0
Prepaids,Prepaid Taxes,800,800,cf12,0
Prepaids,Prepaids,0,0,cf1,0
Prepaids,Prepaids,0,0,cf2,0
Prepaids,Prepaids,0,0,cf3,0
Prepaids,Prepaids,0,0,cf4,0
Prepaids,Prepaids,0,0,cf5,0
Prepaids,Prepaids,0,0,cf6,0
Prepaids,Prepaids,0,0,cf7,0
Prepaids,Prepaids,0,0,cf8,0
Prepaids,Prepaids,0,0,cf9,0
Prepaids,Prepaids,0,0,cf10,0
Prepaids,Prepaids,0,0,cf11,0
Prepaids,Prepaids,0,0,cf12,0
Prepaids,Prepaids - Other,0,0,cf1,0
Prepaids,Prepaids - Other,0,0,cf2,0
Prepaids,Prepaids - Other,0,0,cf3,0
Prepaids,Prepaids - Other,0,0,cf4,0
Prepaids,Prepaids - Other,0,0,cf5,0
Prepaids,Prepaids - Other,0,0,cf6,0
Prepaids,Prepaids - Other,0,0,cf7,0
Prepaids,Prepaids - Other,0,0,cf8,0
Prepaids,Prepaids - Other,0,0,cf9,0
Prepaids,Prepaids - Other,0,0,cf10,0
Prepaids,Prepaids - Other,0,0,cf11,0
Prepaids,Prepaids - Other,0,0,cf12,0
Printing and Reproduction,Printing and Reproduction,0,0,cf1,0
Printing and Reproduction,Printing and Reproduction,0,0,cf2,0
Printing and Reproduction,Printing and Reproduction,0,0,cf3,0
Printing and Reproduction,Printing and Reproduction,0,0,cf4,0
Printing and Reproduction,Printing and Reproduction,0,0,cf5,0
Printing and Reproduction,Printing and Reproduction,0,0,cf6,0
Printing and Reproduction,Printing and Reproduction,0,0,cf7,0
Printing and Reproduction,Printing and Reproduction,0,0,cf8,0
Printing and Reproduction,Printing and Reproduction,0,0,cf9,0
Printing and Reproduction,Printing and Reproduction,0,0,cf10,0
Printing and Reproduction,Printing and Reproduction,0,0,cf11,0
Printing and Reproduction,Printing and Reproduction,0,0,cf12,0
Professional Development,Professional Development,0,0,cf1,0
Professional Development,Professional Development,0,0,cf2,0
Professional Development,Professional Development,0,0,cf3,0
Professional Development,Professional Development,0,0,cf4,0
Professional Development,Professional Development,0,0,cf5,0
Professional Development,Professional Development,0,0,cf6,0
Professional Development,Professional Development,0,0,cf7,0
Professional Development,Professional Development,0,0,cf8,0
Professional Development,Professional Development,0,0,cf9,0
Professional Development,Professional Development,0,0,cf10,0
Professional Development,Professional Development,0,0,cf11,0
Professional Development,Professional Development,0,0,cf12,0
Professional Fees,Accounting Fees,0,2544,cf1,225
Professional Fees,Accounting Fees,0,2544,cf2,0
Professional Fees,Accounting Fees,0,2544,cf3,0
Professional Fees,Accounting Fees,0,2544,cf4,255
Professional Fees,Accounting Fees,0,2544,cf5,1554
Professional Fees,Accounting Fees,0,2544,cf6,0
Professional Fees,Accounting Fees,0,2544,cf7,255
Professional Fees,Accounting Fees,0,2544,cf8,0
Professional Fees,Accounting Fees,0,2544,cf9,0
Professional Fees,Accounting Fees,0,2544,cf10,255
Professional Fees,Accounting Fees,0,2544,cf11,0
Professional Fees,Accounting Fees,0,2544,cf12,0
Professional Fees,Legal Fees,0,600,cf1,0
Professional Fees,Legal Fees,0,600,cf2,400
Professional Fees,Legal Fees,0,600,cf3,0
Professional Fees,Legal Fees,0,600,cf4,0
Professional Fees,Legal Fees,0,600,cf5,0
Professional Fees,Legal Fees,0,600,cf6,0
Professional Fees,Legal Fees,0,600,cf7,0
Professional Fees,Legal Fees,0,600,cf8,0
Professional Fees,Legal Fees,0,600,cf9,200
Professional Fees,Legal Fees,0,600,cf10,0
Professional Fees,Legal Fees,0,600,cf11,0
Professional Fees,Legal Fees,0,600,cf12,0
Professional Fees,Payroll Service Fees,0,1529.24,cf1,127.08
Professional Fees,Payroll Service Fees,0,1529.24,cf2,132
Professional Fees,Payroll Service Fees,0,1529.24,cf3,135.6
Professional Fees,Payroll Service Fees,0,1529.24,cf4,142
Professional Fees,Payroll Service Fees,0,1529.24,cf5,129
Professional Fees,Payroll Service Fees,0,1529.24,cf6,123.08
Professional Fees,Payroll Service Fees,0,1529.24,cf7,124.08
Professional Fees,Payroll Service Fees,0,1529.24,cf8,123.08
Professional Fees,Payroll Service Fees,0,1529.24,cf9,123.08
Professional Fees,Payroll Service Fees,0,1529.24,cf10,124.08
Professional Fees,Payroll Service Fees,0,1529.24,cf11,123.08
Professional Fees,Payroll Service Fees,0,1529.24,cf12,123.08
Professional Fees,Professional Fees,0,0,cf1,0
Professional Fees,Professional Fees,0,0,cf2,0
Professional Fees,Professional Fees,0,0,cf3,0
Professional Fees,Professional Fees,0,0,cf4,0
Professional Fees,Professional Fees,0,0,cf5,0
Professional Fees,Professional Fees,0,0,cf6,0
Professional Fees,Professional Fees,0,0,cf7,0
Professional Fees,Professional Fees,0,0,cf8,0
Professional Fees,Professional Fees,0,0,cf9,0
Professional Fees,Professional Fees,0,0,cf10,0
Professional Fees,Professional Fees,0,0,cf11,0
Professional Fees,Professional Fees,0,0,cf12,0
Professional Fees,Professional Fees - Other,0,0,cf1,0
Professional Fees,Professional Fees - Other,0,0,cf2,0
Professional Fees,Professional Fees - Other,0,0,cf3,0
Professional Fees,Professional Fees - Other,0,0,cf4,0
Professional Fees,Professional Fees - Other,0,0,cf5,0
Professional Fees,Professional Fees - Other,0,0,cf6,0
Professional Fees,Professional Fees - Other,0,0,cf7,0
Professional Fees,Professional Fees - Other,0,0,cf8,0
Professional Fees,Professional Fees - Other,0,0,cf9,0
Professional Fees,Professional Fees - Other,0,0,cf10,0
Professional Fees,Professional Fees - Other,0,0,cf11,0
Professional Fees,Professional Fees - Other,0,0,cf12,0
Promotional Expense,Promotional Expense,0,2021,cf1,355
Promotional Expense,Promotional Expense,0,2021,cf2,156
Promotional Expense,Promotional Expense,0,2021,cf3,0
Promotional Expense,Promotional Expense,0,2021,cf4,0
Promotional Expense,Promotional Expense,0,2021,cf5,0
Promotional Expense,Promotional Expense,0,2021,cf6,0
Promotional Expense,Promotional Expense,0,2021,cf7,675
Promotional Expense,Promotional Expense,0,2021,cf8,835
Promotional Expense,Promotional Expense,0,2021,cf9,0
Promotional Expense,Promotional Expense,0,2021,cf10,0
Promotional Expense,Promotional Expense,0,2021,cf11,0
Promotional Expense,Promotional Expense,0,2021,cf12,0
Purchases  (Cost of Goods),Purchases  (Cost of Goods),0,179961.75,cf1,9352.34
Purchases  (Cost of Goods),Purchases  (Cost of Goods),0,179961.75,cf2,10674.82
Purchases  (Cost of Goods),Purchases  (Cost of Goods),0,179961.75,cf3,13033.24
Purchases  (Cost of Goods),Purchases  (Cost of Goods),0,179961.75,cf4,12653.43
Purchases  (Cost of Goods),Purchases  (Cost of Goods),0,179961.75,cf5,13198.06
Purchases  (Cost of Goods),Purchases  (Cost of Goods),0,179961.75,cf6,14333.45
Purchases  (Cost of Goods),Purchases  (Cost of Goods),0,179961.75,cf7,15353.24
Purchases  (Cost of Goods),Purchases  (Cost of Goods),0,179961.75,cf8,13681.84
Purchases  (Cost of Goods),Purchases  (Cost of Goods),0,179961.75,cf9,13950.65
Purchases  (Cost of Goods),Purchases  (Cost of Goods),0,179961.75,cf10,14314.53
Purchases  (Cost of Goods),Purchases  (Cost of Goods),0,179961.75,cf11,18344.97
Purchases  (Cost of Goods),Purchases  (Cost of Goods),0,179961.75,cf12,31071.18
QuickBooks Credit Card,QuickBooks Credit Card,0,-1249.12,cf1,-300
QuickBooks Credit Card,QuickBooks Credit Card,0,-1249.12,cf2,-68.06
QuickBooks Credit Card,QuickBooks Credit Card,0,-1249.12,cf3,0
QuickBooks Credit Card,QuickBooks Credit Card,0,-1249.12,cf4,-290.97
QuickBooks Credit Card,QuickBooks Credit Card,0,-1249.12,cf5,-80.09
QuickBooks Credit Card,QuickBooks Credit Card,0,-1249.12,cf6,0
QuickBooks Credit Card,QuickBooks Credit Card,0,-1249.12,cf7,-255
QuickBooks Credit Card,QuickBooks Credit Card,0,-1249.12,cf8,0
QuickBooks Credit Card,QuickBooks Credit Card,0,-1249.12,cf9,-65.21000000000001
QuickBooks Credit Card,QuickBooks Credit Card,0,-1249.12,cf10,-255.00000000000003
QuickBooks Credit Card,QuickBooks Credit Card,0,-1249.12,cf11,65.21000000000001
QuickBooks Credit Card,QuickBooks Credit Card,0,-1249.12,cf12,5.684341886080802e-14
Rent,Rent,0,7005,cf1,583.75
Rent,Rent,0,7005,cf2,583.75
Rent,Rent,0,7005,cf3,583.75
Rent,Rent,0,7005,cf4,583.75
Rent,Rent,0,7005,cf5,583.75
Rent,Rent,0,7005,cf6,583.75
Rent,Rent,0,7005,cf7,583.75
Rent,Rent,0,7005,cf8,583.75
Rent,Rent,0,7005,cf9,583.75
Rent,Rent,0,7005,cf10,583.75
Rent,Rent,0,7005,cf11,583.75
Rent,Rent,0,7005,cf12,583.75
Repairs,Computer Repairs,0,390,cf1,0
Repairs,Computer Repairs,0,390,cf2,0
Repairs,Computer Repairs,0,390,cf3,0
Repairs,Computer Repairs,0,390,cf4,0
Repairs,Computer Repairs,0,390,cf5,0
Repairs,Computer Repairs,0,390,cf6,0
Repairs,Computer Repairs,0,390,cf7,390
Repairs,Computer Repairs,0,390,cf8,0
Repairs,Computer Repairs,0,390,cf9,0
Repairs,Computer Repairs,0,390,cf10,0
Repairs,Computer Repairs,0,390,cf11,0
Repairs,Computer Repairs,0,390,cf12,0
Repairs,Equipment Repairs,0,0,cf1,0
Repairs,Equipment Repairs,0,0,cf2,0
Repairs,Equipment Repairs,0,0,cf3,0
Repairs,Equipment Repairs,0,0,cf4,0
Repairs,Equipment Repairs,0,0,cf5,0
Repairs,Equipment Repairs,0,0,cf6,0
Repairs,Equipment Repairs,0,0,cf7,0
Repairs,Equipment Repairs,0,0,cf8,0
Repairs,Equipment Repairs,0,0,cf9,0
Repairs,Equipment Repairs,0,0,cf10,0
Repairs,Equipment Repairs,0,0,cf11,0
Repairs,Equipment Repairs,0,0,cf12,0
Repairs,Repairs,0,0,cf1,0
Repairs,Repairs,0,0,cf2,0
Repairs,Repairs,0,0,cf3,0
Repairs,Repairs,0,0,cf4,0
Repairs,Repairs,0,0,cf5,0
Repairs,Repairs,0,0,cf6,0
Repairs,Repairs,0,0,cf7,0
Repairs,Repairs,0,0,cf8,0
Repairs,Repairs,0,0,cf9,0
Repairs,Repairs,0,0,cf10,0
Repairs,Repairs,0,0,cf11,0
Repairs,Repairs,0,0,cf12,0
Repairs,Repairs - Other,0,0,cf1,0
Repairs,Repairs - Other,0,0,cf2,0
Repairs,Repairs - Other,0,0,cf3,0
Repairs,Repairs - Other,0,0,cf4,0
Repairs,Repairs - Other,0,0,cf5,0
Repairs,Repairs - Other,0,0,cf6,0
Repairs,Repairs - Other,0,0,cf7,0
Repairs,Repairs - Other,0,0,cf8,0
Repairs,Repairs - Other,0,0,cf9,0
Repairs,Repairs - Other,0,0,cf10,0
Repairs,Repairs - Other,0,0,cf11,0
Repairs,Repairs - Other,0,0,cf12,0
Retained Earnings,Retained Earnings,-148723.27,-148723.27,cf1,0
Retained Earnings,Retained Earnings,-148723.27,-148723.27,cf2,0
Retained Earnings,Retained Earnings,-148723.27,-148723.27,cf3,0
Retained Earnings,Retained Earnings,-148723.27,-148723.27,cf4,0
Retained Earnings,Retained Earnings,-148723.27,-148723.27,cf5,0
Retained Earnings,Retained Earnings,-148723.27,-148723.27,cf6,0
Retained Earnings,Retained Earnings,-148723.27,-148723.27,cf7,0
Retained Earnings,Retained Earnings,-148723.27,-148723.27,cf8,0
Retained Earnings,Retained Earnings,-148723.27,-148723.27,cf9,0
Retained Earnings,Retained Earnings,-148723.27,-148723.27,cf10,0
Retained Earnings,Retained Earnings,-148723.27,-148723.27,cf11,0
Retained Earnings,Retained Earnings,-148723.27,-148723.27,cf12,0
Revenue,Revenue,0,-411809.53,cf1,-25506.8
Revenue,Revenue,0,-411809.53,cf2,-25795.45
Revenue,Revenue,0,-411809.53,cf3,-30483.4
Revenue,Revenue,0,-411809.53,cf4,-32325.3
Revenue,Revenue,0,-411809.53,cf5,-29839.45
Revenue,Revenue,0,-411809.53,cf6,-31882.85
Revenue,Revenue,0,-411809.53,cf7,-39460.25
Revenue,Revenue,0,-411809.53,cf8,-31809.45
Revenue,Revenue,0,-411809.53,cf9,-29191.4
Revenue,Revenue,0,-411809.53,cf10,-28511.6
Revenue,Revenue,0,-411809.53,cf11,-39128
Revenue,Revenue,0,-411809.53,cf12,-67875.58
Sales Commission (outside reps),Sales Commission (outside reps),0,3990.8,cf1,0
Sales Commission (outside reps),Sales Commission (outside reps),0,3990.8,cf2,0
Sales Commission (outside reps),Sales Commission (outside reps),0,3990.8,cf3,0
Sales Commission (outside reps),Sales Commission (outside reps),0,3990.8,cf4,0
Sales Commission (outside reps),Sales Commission (outside reps),0,3990.8,cf5,0
Sales Commission (outside reps),Sales Commission (outside reps),0,3990.8,cf6,0
Sales Commission (outside reps),Sales Commission (outside reps),0,3990.8,cf7,3990.8
Sales Commission (outside reps),Sales Commission (outside reps),0,3990.8,cf8,0
Sales Commission (outside reps),Sales Commission (outside reps),0,3990.8,cf9,0
Sales Commission (outside reps),Sales Commission (outside reps),0,3990.8,cf10,0
Sales Commission (outside reps),Sales Commission (outside reps),0,3990.8,cf11,0
Sales Commission (outside reps),Sales Commission (outside reps),0,3990.8,cf12,0
Security Deposits,Security Deposits,1200,1200,cf1,0
Security Deposits,Security Deposits,1200,1200,cf2,0
Security Deposits,Security Deposits,1200,1200,cf3,0
Security Deposits,Security Deposits,1200,1200,cf4,0
Security Deposits,Security Deposits,1200,1200,cf5,0
Security Deposits,Security Deposits,1200,1200,cf6,0
Security Deposits,Security Deposits,1200,1200,cf7,0
Security Deposits,Security Deposits,1200,1200,cf8,0
Security Deposits,Security Deposits,1200,1200,cf9,0
Security Deposits,Security Deposits,1200,1200,cf10,0
Security Deposits,Security Deposits,1200,1200,cf11,0
Security Deposits,Security Deposits,1200,1200,cf12,0
Supplies,Supplies,0,6199.36,cf1,652.36
Supplies,Supplies,0,6199.36,cf2,551.0699999999999
Supplies,Supplies,0,6199.36,cf3,1083.3600000000001
Supplies,Supplies,0,6199.36,cf4,449.88
Supplies,Supplies,0,6199.36,cf5,761.37
Supplies,Supplies,0,6199.36,cf6,147.14000000000001
Supplies,Supplies,0,6199.36,cf7,200.76
Supplies,Supplies,0,6199.36,cf8,536.62
Supplies,Supplies,0,6199.36,cf9,444.17
Supplies,Supplies,0,6199.36,cf10,314.02
Supplies,Supplies,0,6199.36,cf11,540.57
Supplies,Supplies,0,6199.36,cf12,518.04
Telephone,Telephone,0,4003.44,cf1,404.38
Telephone,Telephone,0,4003.44,cf2,320.14
Telephone,Telephone,0,4003.44,cf3,313.13
Telephone,Telephone,0,4003.44,cf4,388.74
Telephone,Telephone,0,4003.44,cf5,304.7
Telephone,Telephone,0,4003.44,cf6,323.1
Telephone,Telephone,0,4003.44,cf7,388.3
Telephone,Telephone,0,4003.44,cf8,313.19
Telephone,Telephone,0,4003.44,cf9,303.56
Telephone,Telephone,0,4003.44,cf10,333.68
Telephone,Telephone,0,4003.44,cf11,318.71
Telephone,Telephone,0,4003.44,cf12,291.81
Travel,Travel,0,3452.23,cf1,55.23
Travel,Travel,0,3452.23,cf2,0
Travel,Travel,0,3452.23,cf3,0
Travel,Travel,0,3452.23,cf4,140
Travel,Travel,0,3452.23,cf5,191
Travel,Travel,0,3452.23,cf6,2500
Travel,Travel,0,3452.23,cf7,75
Travel,Travel,0,3452.23,cf8,0
Travel,Travel,0,3452.23,cf9,191
Travel,Travel,0,3452.23,cf10,300
Travel,Travel,0,3452.23,cf11,0
Travel,Travel,0,3452.23,cf12,0
Undeposited Funds,Undeposited Funds,0,0,cf1,-31349
Undeposited Funds,Undeposited Funds,0,0,cf2,0
Undeposited Funds,Undeposited Funds,0,0,cf3,-6150
Undeposited Funds,Undeposited Funds,0,0,cf4,26004.85
Undeposited Funds,Undeposited Funds,0,0,cf5,-19459
Undeposited Funds,Undeposited Funds,0,0,cf6,-14735.849999999999
Undeposited Funds,Undeposited Funds,0,0,cf7,27513.6
Undeposited Funds,Undeposited Funds,0,0,cf8,-21363.6
Undeposited Funds,Undeposited Funds,0,0,cf9,0
Undeposited Funds,Undeposited Funds,0,0,cf10,0
Undeposited Funds,Undeposited Funds,0,0,cf11,58095.6
Undeposited Funds,Undeposited Funds,0,0,cf12,-18556.6
Utilities,Utilities,0,501.59,cf1,65.08
Utilities,Utilities,0,501.59,cf2,55.08
Utilities,Utilities,0,501.59,cf3,48.08
Utilities,Utilities,0,501.59,cf4,25.12
Utilities,Utilities,0,501.59,cf5,22.1
Utilities,Utilities,0,501.59,cf6,22.07
Utilities,Utilities,0,501.59,cf7,28.47
Utilities,Utilities,0,501.59,cf8,29.47
Utilities,Utilities,0,501.59,cf9,30.54
Utilities,Utilities,0,501.59,cf10,32.9
Utilities,Utilities,0,501.59,cf11,67.08
Utilities,Utilities,0,501.59,cf12,75.6
Vendor Refunds,Vendor Refunds,0,0,cf1,0
Vendor Refunds,Vendor Refunds,0,0,cf2,0
Vendor Refunds,Vendor Refunds,0,0,cf3,0
Vendor Refunds,Vendor Refunds,0,0,cf4,0
Vendor Refunds,Vendor Refunds,0,0,cf5,0
Vendor Refunds,Vendor Refunds,0,0,cf6,0
Vendor Refunds,Vendor Refunds,0,0,cf7,0
Vendor Refunds,Vendor Refunds,0,0,cf8,0
Vendor Refunds,Vendor Refunds,0,0,cf9,0
Vendor Refunds,Vendor Refunds,0,0,cf10,0
Vendor Refunds,Vendor Refunds,0,0,cf11,0
Vendor Refunds,Vendor Refunds,0,0,cf12,0
Wages,Employee Benefits,0,2253.96,cf1,187.83
Wages,Employee Benefits,0,2253.96,cf2,187.83
Wages,Employee Benefits,0,2253.96,cf3,187.83
Wages,Employee Benefits,0,2253.96,cf4,187.83
Wages,Employee Benefits,0,2253.96,cf5,187.83
Wages,Employee Benefits,0,2253.96,cf6,187.83
Wages,Employee Benefits,0,2253.96,cf7,187.83
Wages,Employee Benefits,0,2253.96,cf8,187.83
Wages,Employee Benefits,0,2253.96,cf9,187.83
Wages,Employee Benefits,0,2253.96,cf10,187.83
Wages,Employee Benefits,0,2253.96,cf11,187.83
Wages,Employee Benefits,0,2253.96,cf12,187.83
Wages,Employee Bonus,0,0,cf1,0
Wages,Employee Bonus,0,0,cf2,0
Wages,Employee Bonus,0,0,cf3,0
Wages,Employee Bonus,0,0,cf4,0
Wages,Employee Bonus,0,0,cf5,0
Wages,Employee Bonus,0,0,cf6,0
Wages,Employee Bonus,0,0,cf7,0
Wages,Employee Bonus,0,0,cf8,0
Wages,Employee Bonus,0,0,cf9,0
Wages,Employee Bonus,0,0,cf10,0
Wages,Employee Bonus,0,0,cf11,0
Wages,Employee Bonus,0,0,cf12,0
Wages,Payroll Tax Expenses,0,4608.57,cf1,178.05
Wages,Payroll Tax Expenses,0,4608.57,cf2,386.14
Wages,Payroll Tax Expenses,0,4608.57,cf3,356.12
Wages,Payroll Tax Expenses,0,4608.57,cf4,334.21
Wages,Payroll Tax Expenses,0,4608.57,cf5,284.39
Wages,Payroll Tax Expenses,0,4608.57,cf6,312.3
Wages,Payroll Tax Expenses,0,4608.57,cf7,391.51
Wages,Payroll Tax Expenses,0,4608.57,cf8,259.03000000000003
Wages,Payroll Tax Expenses,0,4608.57,cf9,312.4
Wages,Payroll Tax Expenses,0,4608.57,cf10,312.3
Wages,Payroll Tax Expenses,0,4608.57,cf11,312.3
Wages,Payroll Tax Expenses,0,4608.57,cf12,1169.82
Wages,Sick/Holiday & Vacation Pay,0,0,cf1,0
Wages,Sick/Holiday & Vacation Pay,0,0,cf2,0
Wages,Sick/Holiday & Vacation Pay,0,0,cf3,0
Wages,Sick/Holiday & Vacation Pay,0,0,cf4,0
Wages,Sick/Holiday & Vacation Pay,0,0,cf5,0
Wages,Sick/Holiday & Vacation Pay,0,0,cf6,0
Wages,Sick/Holiday & Vacation Pay,0,0,cf7,0
Wages,Sick/Holiday & Vacation Pay,0,0,cf8,0
Wages,Sick/Holiday & Vacation Pay,0,0,cf9,0
Wages,Sick/Holiday & Vacation Pay,0,0,cf10,0
Wages,Sick/Holiday & Vacation Pay,0,0,cf11,0
Wages,Sick/Holiday & Vacation Pay,0,0,cf12,0
Wages,Wages,0,0,cf1,0
Wages,Wages,0,0,cf2,0
Wages,Wages,0,0,cf3,0
Wages,Wages,0,0,cf4,0
Wages,Wages,0,0,cf5,0
Wages,Wages,0,0,cf6,0
Wages,Wages,0,0,cf7,0
Wages,Wages,0,0,cf8,0
Wages,Wages,0,0,cf9,0
Wages,Wages,0,0,cf10,0
Wages,Wages,0,0,cf11,0
Wages,Wages,0,0,cf12,0
Wages,Wages - Office Staff,0,6312,cf1,360
Wages,Wages - Office Staff,0,6312,cf2,720
Wages,Wages - Office Staff,0,6312,cf3,720
Wages,Wages - Office Staff,0,6312,cf4,576
Wages,Wages - Office Staff,0,6312,cf5,432
Wages,Wages - Office Staff,0,6312,cf6,432
Wages,Wages - Office Staff,0,6312,cf7,432
Wages,Wages - Office Staff,0,6312,cf8,432
Wages,Wages - Office Staff,0,6312,cf9,432
Wages,Wages - Office Staff,0,6312,cf10,432
Wages,Wages - Office Staff,0,6312,cf11,432
Wages,Wages - Office Staff,0,6312,cf12,912
Wages,Wages - Other,0,0,cf1,0
Wages,Wages - Other,0,0,cf2,0
Wages,Wages - Other,0,0,cf3,0
Wages,Wages - Other,0,0,cf4,0
Wages,Wages - Other,0,0,cf5,0
Wages,Wages - Other,0,0,cf6,0
Wages,Wages - Other,0,0,cf7,0
Wages,Wages - Other,0,0,cf8,0
Wages,Wages - Other,0,0,cf9,0
Wages,Wages - Other,0,0,cf10,0
Wages,Wages - Other,0,0,cf11,0
Wages,Wages - Other,0,0,cf12,0
